{
   "maxArea" : 50000,
   "merged" : {
      "angle" : 1.780658006668091,
      "xRotation" : -1,
      "xTranslation" : 429.4501342773438,
      "yRotation" : 0,
      "yTranslation" : 83.17744445800781,
      "zRotation" : 0,
      "zTranslation" : 151.75439453125
   },
   "mesh" : {
      "angle" : 5.070518493652344,
      "xRotation" : -1,
      "xTranslation" : -202.9706878662109,
      "yRotation" : 0,
      "yTranslation" : -0.5248813629150391,
      "zRotation" : 0,
      "zTranslation" : -1.504235029220581
   },
   "minArea" : 45,
   "nConsidered" : 13,
   "threshold" : 88,
   "yThreshold" : 160
}

