{
   "merged" : {
      "angle" : 1.780657529830933,
      "xRotation" : -1,
      "xTranslation" : 328.1212768554688,
      "yRotation" : 0,
      "yTranslation" : 76.57685852050781,
      "zRotation" : 0,
      "zTranslation" : 95.94659423828125
   },
   "mesh" : {
      "angle" : 6.857266902923584,
      "xRotation" : 1,
      "xTranslation" : 185.8184204101562,
      "yRotation" : 0,
      "yTranslation" : 0,
      "zRotation" : 0,
      "zTranslation" : 0
   },
   "yThreshold" : 160
}

