{
   "angle" : 6.48633861541748,
   "xRotation" : -1,
   "xTranslation" : -237.4204711914062,
   "yRotation" : 0,
   "yTranslation" : 0,
   "zRotation" : 0,
   "zTranslation" : 0
}

