{
   "merged" : {
      "angle" : 1.780657649040222,
      "xRotation" : -1,
      "xTranslation" : 328.1212768554688,
      "yRotation" : 0,
      "yTranslation" : 76.57685852050781,
      "zRotation" : 0,
      "zTranslation" : 95.94659423828125
   },
   "mesh" : {
      "angle" : 0.6395823955535889,
      "xRotation" : -1,
      "xTranslation" : 195.9281921386719,
      "yRotation" : 0,
      "yTranslation" : 0,
      "zRotation" : 0,
      "zTranslation" : 0
   },
   "yThreshold" : 160
}

